trial,question,latency_sec,success,error,answer_length_chars
1,How many rules does the model have in total?,3.946,True,,102
2,What does channel AF7 predict?,10.038,True,,999
3,What does channel AF8 predict?,9.868,True,,1021
4,What is the highest-accuracy rule in the model?,3.308,True,,234
5,"List every rule you have, exactly as given.",8.479,True,,813
6,Summarize the model's overall accuracy.,2.529,True,,272
7,Summarize the model's overall accuracy.,2.333,True,,358
8,What's the dominance score and accuracy for the AFF5/AFpz rule?,3.397,True,,95
9,What is the highest-accuracy rule in the model?,4.374,True,,243
10,What does channel AF7 predict?,7.352,True,,569
11,How many rules does the model have in total?,1.755,True,,191
12,What is the highest-accuracy rule in the model?,6.834,True,,312
13,Explain rule 4 in plain language.,7.233,True,,723
14,Which rules predict 0 back?,3.842,True,,486
15,What does channel AF7 predict?,13.0,True,,617
16,Which rules predict 2/3 back?,2.797,True,,107
17,Which hemisphere shows more activity overall?,5.066,True,,165
18,What does channel AF8 predict?,7.339,True,,906
19,What does channel AF8 predict?,8.645,True,,756
20,What does channel AF7 predict?,6.497,True,,727
21,Summarize the model's overall accuracy.,3.185,True,,211
22,Summarize the model's overall accuracy.,2.43,True,,273
23,Which rules predict 0 back?,3.872,True,,507
24,Which rules predict 2/3 back?,8.197,True,,734
25,What does channel AF8 predict?,8.431,True,,677
26,Which rules predict 0 back?,2.963,True,,291
27,Summarize the model's overall accuracy.,2.763,True,,281
28,What is the highest-accuracy rule in the model?,3.4,True,,169
29,How many rules does the model have in total?,1.736,True,,87
30,What is the highest-accuracy rule in the model?,3.642,True,,326
31,Which rules predict 0 back?,3.895,True,,381
32,Which hemisphere shows more activity overall?,5.288,True,,290
33,Summarize the model's overall accuracy.,4.062,True,,254
34,What is the model's cross-validated test MCC?,3.451,True,,104
35,Which rules predict 2/3 back?,5.997,True,,645
36,"List every rule you have, exactly as given.",9.874,True,,886
37,Is the AF7 rule more reliable than the AF8 rule?,9.358,True,,864
38,Does the model use channel PPOz anywhere?,6.082,True,,193
39,What does channel AF8 predict?,8.069,True,,675
40,Is the AF7 rule more reliable than the AF8 rule?,11.678,True,,563
41,Is the AF7 rule more reliable than the AF8 rule?,14.004,True,,1120
42,What's the dominance score and accuracy for the AFF5/AFpz rule?,3.135,True,,87
43,What is the highest-accuracy rule in the model?,9.908,True,,281
44,Which hemisphere shows more activity overall?,2.664,True,,140
45,What does channel AFp8 tell us?,6.13,True,,205
46,"List every rule you have, exactly as given.",8.767,True,,857
47,What's the dominance score and accuracy for the AFF5/AFpz rule?,8.277,True,,184
48,Summarize the model's overall accuracy.,3.027,True,,333
49,Is the AF7 rule more reliable than the AF8 rule?,18.235,True,,688
50,What does channel AFp8 tell us?,8.038,True,,444
51,What does channel AF7 predict?,5.507,True,,496
52,What does channel AF7 predict?,11.18,True,,877
53,Which hemisphere shows more activity overall?,5.396,True,,434
54,What does channel AF7 predict?,10.591,True,,1144
55,What does channel AFp8 tell us?,7.41,True,,480
56,Does the model use channel PPOz anywhere?,5.719,True,,198
57,What does channel AFp8 tell us?,6.209,True,,478
58,Which rules predict 2/3 back?,5.986,True,,727
59,"List every rule you have, exactly as given.",8.302,True,,862
60,Is the AF7 rule more reliable than the AF8 rule?,9.727,True,,483
61,What does channel AF8 predict?,7.698,True,,834
62,What is the highest-accuracy rule in the model?,4.912,True,,197
63,What is the model's cross-validated test MCC?,4.24,True,,91
64,Which rules predict 0 back?,4.985,True,,597
65,What does channel AF7 predict?,9.419,True,,758
66,Explain rule 4 in plain language.,4.789,True,,676
67,Which hemisphere shows more activity overall?,2.767,True,,245
68,What does channel AF7 predict?,6.132,True,,571
69,Which rules predict 0 back?,4.47,True,,339
70,"List every rule you have, exactly as given.",5.619,True,,858
71,Does the model use channel PPOz anywhere?,2.71,True,,141
72,How many rules does the model have in total?,2.833,True,,152
73,Which rules predict 2/3 back?,5.573,True,,388
74,Explain rule 4 in plain language.,4.957,True,,340
75,Does the model use channel PPOz anywhere?,3.605,True,,192
76,What does channel AFp8 tell us?,8.342,True,,610
77,Which rules predict 2/3 back?,2.135,True,,94
78,Summarize the model's overall accuracy.,2.856,True,,357
79,What is the highest-accuracy rule in the model?,3.647,True,,267
80,What does channel AF7 predict?,9.476,True,,874
81,What does channel AF8 predict?,10.231,True,,792
82,How many rules does the model have in total?,2.075,True,,199
83,Summarize the model's overall accuracy.,2.229,True,,305
84,Is the AF7 rule more reliable than the AF8 rule?,13.657,True,,1197
85,"List every rule you have, exactly as given.",8.656,True,,823
86,What does channel AF7 predict?,6.595,True,,723
87,Does the model use channel PPOz anywhere?,3.857,True,,88
88,Summarize the model's overall accuracy.,3.156,True,,271
89,Does the model use channel PPOz anywhere?,2.718,True,,150
90,What does channel AF7 predict?,6.339,True,,860
91,Which hemisphere shows more activity overall?,5.832,True,,310
92,"List every rule you have, exactly as given.",8.015,True,,810
93,What is the model's cross-validated test MCC?,4.645,True,,100
94,How many rules does the model have in total?,2.436,True,,121
95,Does the model use channel PPOz anywhere?,3.632,True,,202
96,What does channel AFp8 tell us?,8.19,True,,459
97,What's the dominance score and accuracy for the AFF5/AFpz rule?,4.636,True,,128
98,What does channel AFp8 tell us?,3.055,True,,329
99,What does channel AFp8 tell us?,7.153,True,,653
100,Summarize the model's overall accuracy.,3.583,True,,245
